features|photo_path
[{'X': 0.526627779006958, 'Y': 0.22285734117031097, 'Z': -0.09751180559396744, 'Visibility': 0.9994747042655945}, {'X': 0.5247604846954346, 'Y': 0.203512504696846, 'Z': -0.06984992325305939, 'Visibility': 0.9992130994796753}, {'X': 0.5252863764762878, 'Y': 0.20275291800498962, 'Z': -0.07014638930559158, 'Visibility': 0.999002993106842}, {'X': 0.5261183977127075, 'Y': 0.20216044783592224, 'Z': -0.0701749250292778, 'Visibility': 0.9993888139724731}, {'X': 0.5183764100074768, 'Y': 0.20281103253364563, 'Z': -0.1035347729921341, 'Visibility': 0.9995515942573547}, {'X': 0.5142967700958252, 'Y': 0.20198780298233032, 'Z': -0.10387139767408371, 'Visibility': 0.9995734095573425}, {'X': 0.510164737701416, 'Y': 0.20120134949684143, 'Z': -0.1040584146976471, 'Visibility': 0.9996640682220459}, {'X': 0.5069127082824707, 'Y': 0.20842209458351135, 'Z': 0.072145976126194, 'Visibility': 0.9997363686561584}, {'X': 0.48762843012809753, 'Y': 0.20430724322795868, 'Z': -0.08119537681341171, 'Visibility': 0.9994654059410095}, {'X': 0.5235616564750671, 'Y': 0.24097919464111328, 'Z': -0.04009668529033661, 'Visibility': 0.999790608882904}, {'X': 0.51473468542099, 'Y': 0.24050776660442352, 'Z': -0.0866871327161789, 'Visibility': 0.9997608065605164}, {'X': 0.5194298028945923, 'Y': 0.33632808923721313, 'Z': 0.1872512251138687, 'Visibility': 0.9998881816864014}, {'X': 0.44710463285446167, 'Y': 0.3231758773326874, 'Z': -0.11113454401493073, 'Visibility': 0.9996024966239929}, {'X': 0.5595670938491821, 'Y': 0.4599097669124603, 'Z': 0.08949998021125793, 'Visibility': 0.6983696222305298}, {'X': 0.45550915598869324, 'Y': 0.4522252678871155, 'Z': -0.35187071561813354, 'Visibility': 0.8912846446037292}, {'X': 0.5881822109222412, 'Y': 0.3342638611793518, 'Z': -0.2127985954284668, 'Visibility': 0.93795245885849}, {'X': 0.47851720452308655, 'Y': 0.32115495204925537, 'Z': -0.563306987285614, 'Visibility': 0.9615116119384766}, {'X': 0.5972321033477783, 'Y': 0.3078044056892395, 'Z': -0.2542119324207306, 'Visibility': 0.935081958770752}, {'X': 0.4777895510196686, 'Y': 0.2958495616912842, 'Z': -0.628300666809082, 'Visibility': 0.949587881565094}, {'X': 0.5958127975463867, 'Y': 0.2991288900375366, 'Z': -0.27045905590057373, 'Visibility': 0.9349685311317444}, {'X': 0.4748181104660034, 'Y': 0.28222376108169556, 'Z': -0.6082679629325867, 'Visibility': 0.9394806623458862}, {'X': 0.5894607305526733, 'Y': 0.30835190415382385, 'Z': -0.2279745638370514, 'Visibility': 0.9043155908584595}, {'X': 0.47749602794647217, 'Y': 0.2916721999645233, 'Z': -0.5624039769172668, 'Visibility': 0.8917002081871033}, {'X': 0.5205641388893127, 'Y': 0.6227481961250305, 'Z': 0.09768360108137131, 'Visibility': 0.9997316002845764}, {'X': 0.46920493245124817, 'Y': 0.6265416145324707, 'Z': -0.0978468507528305, 'Visibility': 0.9997037053108215}, {'X': 0.5226109623908997, 'Y': 0.8391882181167603, 'Z': 0.09910965710878372, 'Visibility': 0.24426141381263733}, {'X': 0.49038901925086975, 'Y': 0.8537174463272095, 'Z': -0.0999709740281105, 'Visibility': 0.3985602557659149}, {'X': 0.5004081130027771, 'Y': 1.0328034162521362, 'Z': 0.2936960458755493, 'Visibility': 0.06943241506814957}, {'X': 0.46734315156936646, 'Y': 1.0457899570465088, 'Z': 0.0569918267428875, 'Visibility': 0.23240838944911957}, {'X': 0.4895631968975067, 'Y': 1.055401086807251, 'Z': 0.3062204122543335, 'Visibility': 0.07013869285583496}, {'X': 0.4583989381790161, 'Y': 1.0811669826507568, 'Z': 0.06650982052087784, 'Visibility': 0.08917750418186188}, {'X': 0.5127773284912109, 'Y': 1.0944749116897583, 'Z': 0.19751563668251038, 'Visibility': 0.086581289768219}, {'X': 0.5003556609153748, 'Y': 1.0864968299865723, 'Z': -0.07025233656167984, 'Visibility': 0.13651973009109497}]|archive/barbell_biceps_curl/barbell_biceps_curl_4000021.jpg
|archive/barbell_biceps_curl/barbell_biceps_curl_4100021.jpg
[{'X': 0.4907442331314087, 'Y': 0.23665481805801392, 'Z': -0.26321667432785034, 'Visibility': 0.9999520778656006}, {'X': 0.4976799786090851, 'Y': 0.22400352358818054, 'Z': -0.24324840307235718, 'Visibility': 0.9998897314071655}, {'X': 0.5013552308082581, 'Y': 0.22503282129764557, 'Z': -0.24350793659687042, 'Visibility': 0.9998620748519897}, {'X': 0.5038410425186157, 'Y': 0.22591479122638702, 'Z': -0.24349842965602875, 'Visibility': 0.9999047517776489}, {'X': 0.4856378436088562, 'Y': 0.22362613677978516, 'Z': -0.24180494248867035, 'Visibility': 0.9999258518218994}, {'X': 0.48262616991996765, 'Y': 0.2239398956298828, 'Z': -0.24209322035312653, 'Visibility': 0.9999275207519531}, {'X': 0.47924473881721497, 'Y': 0.22472038865089417, 'Z': -0.24225884675979614, 'Visibility': 0.9999468326568604}, {'X': 0.5071228742599487, 'Y': 0.23146384954452515, 'Z': -0.12744207680225372, 'Visibility': 0.9999297857284546}, {'X': 0.4746370017528534, 'Y': 0.23164354264736176, 'Z': -0.12045589089393616, 'Visibility': 0.9998587369918823}, {'X': 0.4968302547931671, 'Y': 0.24995076656341553, 'Z': -0.21794672310352325, 'Visibility': 0.9999698400497437}, {'X': 0.48450449109077454, 'Y': 0.24877819418907166, 'Z': -0.2177153080701828, 'Visibility': 0.9999669790267944}, {'X': 0.5332233309745789, 'Y': 0.33433836698532104, 'Z': -0.059825148433446884, 'Visibility': 0.9999858140945435}, {'X': 0.45021113753318787, 'Y': 0.3264833688735962, 'Z': -0.03920810669660568, 'Visibility': 0.9999668598175049}, {'X': 0.541416585445404, 'Y': 0.44330868124961853, 'Z': -0.02566564828157425, 'Visibility': 0.9933570027351379}, {'X': 0.44024738669395447, 'Y': 0.4332299828529358, 'Z': -0.028588348999619484, 'Visibility': 0.9761940240859985}, {'X': 0.546107292175293, 'Y': 0.5360968708992004, 'Z': -0.12295234203338623, 'Visibility': 0.9945833086967468}, {'X': 0.4305887520313263, 'Y': 0.528131902217865, 'Z': -0.15111397206783295, 'Visibility': 0.9934879541397095}, {'X': 0.5507981777191162, 'Y': 0.5615047216415405, 'Z': -0.1552296280860901, 'Visibility': 0.9897719025611877}, {'X': 0.42394888401031494, 'Y': 0.5527322292327881, 'Z': -0.1902264952659607, 'Visibility': 0.9896671772003174}, {'X': 0.5471734404563904, 'Y': 0.5633087158203125, 'Z': -0.18928565084934235, 'Visibility': 0.9912450909614563}, {'X': 0.42569103837013245, 'Y': 0.5543392896652222, 'Z': -0.22337564826011658, 'Visibility': 0.9910053014755249}, {'X': 0.5435143113136292, 'Y': 0.5557577610015869, 'Z': -0.13796210289001465, 'Visibility': 0.9873613119125366}, {'X': 0.42971858382225037, 'Y': 0.5465641021728516, 'Z': -0.16870848834514618, 'Visibility': 0.9872216582298279}, {'X': 0.5145860910415649, 'Y': 0.5427003502845764, 'Z': -0.002897403435781598, 'Visibility': 0.9999765157699585}, {'X': 0.4669259190559387, 'Y': 0.5406600832939148, 'Z': 0.0027060536667704582, 'Visibility': 0.9999759197235107}, {'X': 0.5192899703979492, 'Y': 0.6945603489875793, 'Z': 0.020047340542078018, 'Visibility': 0.9914500117301941}, {'X': 0.4563632309436798, 'Y': 0.692412257194519, 'Z': 0.021899672225117683, 'Visibility': 0.9837311506271362}, {'X': 0.5260379314422607, 'Y': 0.8347582221031189, 'Z': 0.19673827290534973, 'Visibility': 0.9911342263221741}, {'X': 0.44952744245529175, 'Y': 0.8343766331672668, 'Z': 0.17672081291675568, 'Visibility': 0.9906526803970337}, {'X': 0.5239542722702026, 'Y': 0.8498657941818237, 'Z': 0.20632433891296387, 'Visibility': 0.8696189522743225}, {'X': 0.4533708393573761, 'Y': 0.8513230085372925, 'Z': 0.1860087513923645, 'Visibility': 0.8542462587356567}, {'X': 0.5251621603965759, 'Y': 0.8835213780403137, 'Z': 0.06593907624483109, 'Visibility': 0.9889073371887207}, {'X': 0.4438205063343048, 'Y': 0.878911018371582, 'Z': 0.046807803213596344, 'Visibility': 0.9857446551322937}]|archive/barbell_biceps_curl/barbell_biceps_curl_4500201.jpg
[{'X': 0.47796159982681274, 'Y': 0.2710654139518738, 'Z': -0.6104993224143982, 'Visibility': 0.9986475110054016}, {'X': 0.49499669671058655, 'Y': 0.24058042466640472, 'Z': -0.5984472632408142, 'Visibility': 0.9975817203521729}, {'X': 0.5025866031646729, 'Y': 0.24087685346603394, 'Z': -0.5990343689918518, 'Visibility': 0.9973235726356506}, {'X': 0.5103459358215332, 'Y': 0.24156337976455688, 'Z': -0.5991116762161255, 'Visibility': 0.998115062713623}, {'X': 0.47926104068756104, 'Y': 0.24036145210266113, 'Z': -0.5615053772926331, 'Visibility': 0.9979395270347595}, {'X': 0.47365638613700867, 'Y': 0.2408345341682434, 'Z': -0.5621141791343689, 'Visibility': 0.9978310465812683}, {'X': 0.4684332311153412, 'Y': 0.2409621924161911, 'Z': -0.5625569224357605, 'Visibility': 0.9983357787132263}, {'X': 0.5350530743598938, 'Y': 0.25571876764297485, 'Z': -0.44994765520095825, 'Visibility': 0.9991419315338135}, {'X': 0.47773459553718567, 'Y': 0.2553659677505493, 'Z': -0.28155258297920227, 'Visibility': 0.9953952431678772}, {'X': 0.4937150180339813, 'Y': 0.3039846420288086, 'Z': -0.5474728345870972, 'Visibility': 0.9993706345558167}, {'X': 0.47226589918136597, 'Y': 0.3030666708946228, 'Z': -0.5026111006736755, 'Visibility': 0.9988872408866882}, {'X': 0.6085230112075806, 'Y': 0.479478120803833, 'Z': -0.40397682785987854, 'Visibility': 0.9999133348464966}, {'X': 0.44450074434280396, 'Y': 0.4742581248283386, 'Z': -0.016642767935991287, 'Visibility': 0.9994662404060364}, {'X': 0.6176303625106812, 'Y': 0.7406583428382874, 'Z': -0.5429308414459229, 'Visibility': 0.9889955520629883}, {'X': 0.420809805393219, 'Y': 0.6866686940193176, 'Z': 0.009894243441522121, 'Visibility': 0.19419103860855103}, {'X': 0.5594062805175781, 'Y': 0.7495607733726501, 'Z': -0.8318303227424622, 'Visibility': 0.9787665605545044}, {'X': 0.32781746983528137, 'Y': 0.7331492900848389, 'Z': -0.3669147491455078, 'Visibility': 0.7354746460914612}, {'X': 0.5411285758018494, 'Y': 0.7610158920288086, 'Z': -0.9302546977996826, 'Visibility': 0.9633214473724365}, {'X': 0.2953297197818756, 'Y': 0.7173877954483032, 'Z': -0.450043648481369, 'Visibility': 0.7956638336181641}, {'X': 0.5456050634384155, 'Y': 0.7296019792556763, 'Z': -0.9515589475631714, 'Visibility': 0.9650766253471375}, {'X': 0.2896876335144043, 'Y': 0.7001175880432129, 'Z': -0.5190314650535583, 'Visibility': 0.820107102394104}, {'X': 0.5476124882698059, 'Y': 0.7283638119697571, 'Z': -0.8441696166992188, 'Visibility': 0.9347478151321411}, {'X': 0.3031323254108429, 'Y': 0.7041383981704712, 'Z': -0.40954044461250305, 'Visibility': 0.7719120979309082}, {'X': 0.5502506494522095, 'Y': 0.8931721448898315, 'Z': -0.1007668599486351, 'Visibility': 0.99498450756073}, {'X': 0.45134201645851135, 'Y': 0.875734269618988, 'Z': 0.10078569501638412, 'Visibility': 0.9948577880859375}, {'X': 0.5582370162010193, 'Y': 1.1896700859069824, 'Z': 0.04256004840135574, 'Visibility': 0.05334685742855072}, {'X': 0.4333990216255188, 'Y': 1.1459981203079224, 'Z': 0.09251823276281357, 'Visibility': 0.03636341169476509}, {'X': 0.5394021272659302, 'Y': 1.442326307296753, 'Z': 0.44721266627311707, 'Visibility': 0.008135806769132614}, {'X': 0.4218412935733795, 'Y': 1.4022586345672607, 'Z': 0.4244987666606903, 'Visibility': 0.005624112673103809}, {'X': 0.5478542447090149, 'Y': 1.4831066131591797, 'Z': 0.476467102766037, 'Visibility': 0.010465658269822598}, {'X': 0.4266597330570221, 'Y': 1.4461569786071777, 'Z': 0.4502915143966675, 'Visibility': 0.010326826944947243}, {'X': 0.49292442202568054, 'Y': 1.5185381174087524, 'Z': 0.2997889518737793, 'Visibility': 0.007497068494558334}, {'X': 0.3980986475944519, 'Y': 1.4703623056411743, 'Z': 0.28185364603996277, 'Visibility': 0.005600022152066231}]|archive/barbell_biceps_curl/barbell_biceps_curl_3100051.jpg
[{'X': 0.5028849840164185, 'Y': 0.14719882607460022, 'Z': -0.16381973028182983, 'Visibility': 0.9999687671661377}, {'X': 0.5084151029586792, 'Y': 0.13162022829055786, 'Z': -0.13829535245895386, 'Visibility': 0.9999263286590576}, {'X': 0.5127556324005127, 'Y': 0.13182279467582703, 'Z': -0.1385565549135208, 'Visibility': 0.9999018907546997}, {'X': 0.5157985091209412, 'Y': 0.13189387321472168, 'Z': -0.13848473131656647, 'Visibility': 0.9999275207519531}, {'X': 0.4969164729118347, 'Y': 0.13232481479644775, 'Z': -0.13898546993732452, 'Visibility': 0.9999535083770752}, {'X': 0.4931500256061554, 'Y': 0.13267332315444946, 'Z': -0.1392485350370407, 'Visibility': 0.9999570846557617}, {'X': 0.4894387423992157, 'Y': 0.13323816657066345, 'Z': -0.13936012983322144, 'Visibility': 0.9999637603759766}, {'X': 0.5187374353408813, 'Y': 0.13925281167030334, 'Z': -0.0031856128480285406, 'Visibility': 0.9999231100082397}, {'X': 0.48209449648857117, 'Y': 0.14069926738739014, 'Z': -0.005924822762608528, 'Visibility': 0.9998683929443359}, {'X': 0.509626567363739, 'Y': 0.16239109635353088, 'Z': -0.11185871809720993, 'Visibility': 0.9999618530273438}, {'X': 0.4954560101032257, 'Y': 0.1625659465789795, 'Z': -0.11478137969970703, 'Visibility': 0.9999576807022095}, {'X': 0.5528882741928101, 'Y': 0.22958031296730042, 'Z': 0.05134997144341469, 'Visibility': 0.9999765157699585}, {'X': 0.4549611508846283, 'Y': 0.22994369268417358, 'Z': 0.04310857504606247, 'Visibility': 0.9999507665634155}, {'X': 0.5650478601455688, 'Y': 0.3204441964626312, 'Z': -0.042523887008428574, 'Visibility': 0.9554111361503601}, {'X': 0.44436904788017273, 'Y': 0.3168087601661682, 'Z': -0.09177141636610031, 'Visibility': 0.9168323278427124}, {'X': 0.5663133263587952, 'Y': 0.3712906837463379, 'Z': -0.30673086643218994, 'Visibility': 0.9848423004150391}, {'X': 0.44541895389556885, 'Y': 0.36442217230796814, 'Z': -0.38386914134025574, 'Visibility': 0.9787126779556274}, {'X': 0.5653226971626282, 'Y': 0.38428986072540283, 'Z': -0.37148317694664, 'Visibility': 0.984119713306427}, {'X': 0.44036415219306946, 'Y': 0.38023093342781067, 'Z': -0.45796138048171997, 'Visibility': 0.9799079895019531}, {'X': 0.560649573802948, 'Y': 0.37379124760627747, 'Z': -0.39821383357048035, 'Visibility': 0.9865427017211914}, {'X': 0.44717904925346375, 'Y': 0.3730619251728058, 'Z': -0.4767506420612335, 'Visibility': 0.9821073412895203}, {'X': 0.5584529042243958, 'Y': 0.37008413672447205, 'Z': -0.32391446828842163, 'Visibility': 0.976382851600647}, {'X': 0.4522620737552643, 'Y': 0.3664454221725464, 'Z': -0.40107467770576477, 'Visibility': 0.9688063263893127}, {'X': 0.5332470536231995, 'Y': 0.45217737555503845, 'Z': 0.008053822442889214, 'Visibility': 0.999962329864502}, {'X': 0.4784940183162689, 'Y': 0.44992369413375854, 'Z': -0.008187802508473396, 'Visibility': 0.999958872795105}, {'X': 0.527030885219574, 'Y': 0.6217025518417358, 'Z': -0.009564234875142574, 'Visibility': 0.9153634905815125}, {'X': 0.47966304421424866, 'Y': 0.6262198686599731, 'Z': -0.03662049397826195, 'Visibility': 0.8989934921264648}, {'X': 0.5259914398193359, 'Y': 0.7745530605316162, 'Z': 0.16192646324634552, 'Visibility': 0.9458650946617126}, {'X': 0.480400025844574, 'Y': 0.7767710089683533, 'Z': 0.13988934457302094, 'Visibility': 0.9412181973457336}, {'X': 0.520682156085968, 'Y': 0.7904307842254639, 'Z': 0.16902072727680206, 'Visibility': 0.6067159175872803}, {'X': 0.4864184558391571, 'Y': 0.792741060256958, 'Z': 0.1500069797039032, 'Visibility': 0.5711827278137207}, {'X': 0.5231559872627258, 'Y': 0.8336486220359802, 'Z': -0.00297150993719697, 'Visibility': 0.9518697261810303}, {'X': 0.4798972010612488, 'Y': 0.8335235714912415, 'Z': -0.01492476649582386, 'Visibility': 0.9306879639625549}]|archive/barbell_biceps_curl/barbell_biceps_curl_4400201.jpg
[{'X': 0.2470753937959671, 'Y': 0.07100269198417664, 'Z': -0.3731689453125, 'Visibility': 0.9999676942825317}, {'X': 0.253722608089447, 'Y': 0.052903350442647934, 'Z': -0.3541671633720398, 'Visibility': 0.9999240636825562}, {'X': 0.25777876377105713, 'Y': 0.05394956097006798, 'Z': -0.35456225275993347, 'Visibility': 0.9999154806137085}, {'X': 0.2628340721130371, 'Y': 0.05554685369133949, 'Z': -0.3545479476451874, 'Visibility': 0.99993896484375}, {'X': 0.2409128099679947, 'Y': 0.054273366928100586, 'Z': -0.35711169242858887, 'Visibility': 0.9999483823776245}, {'X': 0.23624692857265472, 'Y': 0.05631399154663086, 'Z': -0.3574690818786621, 'Visibility': 0.9999531507492065}, {'X': 0.23236346244812012, 'Y': 0.05828580632805824, 'Z': -0.3576792776584625, 'Visibility': 0.9999637603759766}, {'X': 0.2669461965560913, 'Y': 0.06804278492927551, 'Z': -0.24100203812122345, 'Visibility': 0.9999350309371948}, {'X': 0.2260858416557312, 'Y': 0.07167989015579224, 'Z': -0.25332289934158325, 'Visibility': 0.9998725652694702}, {'X': 0.2556859850883484, 'Y': 0.09347295761108398, 'Z': -0.3284876048564911, 'Visibility': 0.9999676942825317}, {'X': 0.24197237193584442, 'Y': 0.09448584914207458, 'Z': -0.33414945006370544, 'Visibility': 0.9999685287475586}, {'X': 0.30662137269973755, 'Y': 0.22034011781215668, 'Z': -0.16950568556785583, 'Visibility': 0.9999923706054688}, {'X': 0.19087833166122437, 'Y': 0.22588682174682617, 'Z': -0.17651447653770447, 'Visibility': 0.9999772310256958}, {'X': 0.3121519684791565, 'Y': 0.39112570881843567, 'Z': -0.13069087266921997, 'Visibility': 0.9910406470298767}, {'X': 0.18723177909851074, 'Y': 0.3966071605682373, 'Z': -0.16735124588012695, 'Visibility': 0.9844755530357361}, {'X': 0.3167957067489624, 'Y': 0.5323005318641663, 'Z': -0.220937117934227, 'Visibility': 0.9933781027793884}, {'X': 0.19020359218120575, 'Y': 0.5468072295188904, 'Z': -0.2655973732471466, 'Visibility': 0.9916913509368896}, {'X': 0.3210659623146057, 'Y': 0.5734126567840576, 'Z': -0.24989484250545502, 'Visibility': 0.988878071308136}, {'X': 0.18595945835113525, 'Y': 0.5834144949913025, 'Z': -0.30236268043518066, 'Visibility': 0.984715461730957}, {'X': 0.3185158371925354, 'Y': 0.5705985426902771, 'Z': -0.28658631443977356, 'Visibility': 0.9903167486190796}, {'X': 0.19052176177501678, 'Y': 0.5851573944091797, 'Z': -0.3343150019645691, 'Visibility': 0.9866047501564026}, {'X': 0.3146286904811859, 'Y': 0.5584381818771362, 'Z': -0.2358851581811905, 'Visibility': 0.9867668747901917}, {'X': 0.19480153918266296, 'Y': 0.5752729773521423, 'Z': -0.28148820996284485, 'Visibility': 0.9826021194458008}, {'X': 0.2859393060207367, 'Y': 0.500542402267456, 'Z': 0.006426032166928053, 'Visibility': 0.9999895095825195}, {'X': 0.2224053144454956, 'Y': 0.5075665712356567, 'Z': -0.00667538633570075, 'Visibility': 0.9999876022338867}, {'X': 0.2928815186023712, 'Y': 0.7090147733688354, 'Z': 0.05477958545088768, 'Visibility': 0.9885191321372986}, {'X': 0.2224801927804947, 'Y': 0.7241624593734741, 'Z': 0.017997656017541885, 'Visibility': 0.9828754663467407}, {'X': 0.29285305738449097, 'Y': 0.8789510726928711, 'Z': 0.26238304376602173, 'Visibility': 0.989861011505127}, {'X': 0.22252881526947021, 'Y': 0.8918195962905884, 'Z': 0.2183179259300232, 'Visibility': 0.9906533360481262}, {'X': 0.2858566641807556, 'Y': 0.8999001979827881, 'Z': 0.2753084897994995, 'Visibility': 0.8716619610786438}, {'X': 0.2279098480939865, 'Y': 0.9111882448196411, 'Z': 0.2330886572599411, 'Visibility': 0.8668084144592285}, {'X': 0.30769792199134827, 'Y': 0.9696650505065918, 'Z': 0.15345072746276855, 'Visibility': 0.9881537556648254}, {'X': 0.21458351612091064, 'Y': 0.9768924713134766, 'Z': 0.11412757635116577, 'Visibility': 0.9864264726638794}]|archive/barbell_biceps_curl/barbell_biceps_curl_g5.jpg
[{'X': 0.502496600151062, 'Y': 0.22278821468353271, 'Z': -0.21860980987548828, 'Visibility': 0.9999649524688721}, {'X': 0.5129095911979675, 'Y': 0.19273370504379272, 'Z': -0.1837494969367981, 'Visibility': 0.9998884201049805}, {'X': 0.5219123959541321, 'Y': 0.19142042100429535, 'Z': -0.18411554396152496, 'Visibility': 0.9998663663864136}, {'X': 0.5292854905128479, 'Y': 0.1908126026391983, 'Z': -0.18417057394981384, 'Visibility': 0.9998680353164673}, {'X': 0.49279698729515076, 'Y': 0.1921960562467575, 'Z': -0.17821216583251953, 'Visibility': 0.9999364614486694}, {'X': 0.4855975806713104, 'Y': 0.1911662220954895, 'Z': -0.17869247496128082, 'Visibility': 0.9999469518661499}, {'X': 0.4793007969856262, 'Y': 0.1900651454925537, 'Z': -0.17897489666938782, 'Visibility': 0.9999523162841797}, {'X': 0.5394298434257507, 'Y': 0.19177328050136566, 'Z': 0.011502624489367008, 'Visibility': 0.9999356269836426}, {'X': 0.4728972315788269, 'Y': 0.19567906856536865, 'Z': 0.03931934013962746, 'Visibility': 0.9999191761016846}, {'X': 0.5156349539756775, 'Y': 0.24811246991157532, 'Z': -0.14262673258781433, 'Visibility': 0.9999655485153198}, {'X': 0.49075591564178467, 'Y': 0.24667659401893616, 'Z': -0.1376091092824936, 'Visibility': 0.9999635219573975}, {'X': 0.6006417870521545, 'Y': 0.36022308468818665, 'Z': 0.07669972628355026, 'Visibility': 0.9999349117279053}, {'X': 0.42912521958351135, 'Y': 0.35419386625289917, 'Z': 0.13437244296073914, 'Visibility': 0.9999380111694336}, {'X': 0.619957685470581, 'Y': 0.5231303572654724, 'Z': -0.08220084756612778, 'Visibility': 0.9854090809822083}, {'X': 0.410668283700943, 'Y': 0.5207639932632446, 'Z': -0.00801306776702404, 'Visibility': 0.9778277277946472}, {'X': 0.6510845422744751, 'Y': 0.5814629793167114, 'Z': -0.500578761100769, 'Visibility': 0.9917707443237305}, {'X': 0.3790137469768524, 'Y': 0.5847674012184143, 'Z': -0.4254222810268402, 'Visibility': 0.99592125415802}, {'X': 0.6617985963821411, 'Y': 0.6050460338592529, 'Z': -0.6020783185958862, 'Visibility': 0.990500271320343}, {'X': 0.37037673592567444, 'Y': 0.6151919364929199, 'Z': -0.5278462171554565, 'Visibility': 0.9953488707542419}, {'X': 0.6673652529716492, 'Y': 0.5935556888580322, 'Z': -0.6462825536727905, 'Visibility': 0.9920969009399414}, {'X': 0.36454227566719055, 'Y': 0.5900545716285706, 'Z': -0.5663487315177917, 'Visibility': 0.9959698915481567}, {'X': 0.6613703966140747, 'Y': 0.5858972072601318, 'Z': -0.530186116695404, 'Visibility': 0.9877012372016907}, {'X': 0.371328741312027, 'Y': 0.578212320804596, 'Z': -0.4549921452999115, 'Visibility': 0.9936384558677673}, {'X': 0.5638787150382996, 'Y': 0.6968600153923035, 'Z': -0.02284076064825058, 'Visibility': 0.999077320098877}, {'X': 0.46454569697380066, 'Y': 0.6962041854858398, 'Z': 0.022610927000641823, 'Visibility': 0.9994283318519592}, {'X': 0.5683034062385559, 'Y': 0.9699546098709106, 'Z': -0.12223800271749496, 'Visibility': 0.7006756663322449}, {'X': 0.45460256934165955, 'Y': 0.9683482050895691, 'Z': -0.0213036946952343, 'Visibility': 0.6551436185836792}, {'X': 0.586803138256073, 'Y': 1.2099459171295166, 'Z': 0.17501738667488098, 'Visibility': 0.09708910435438156}, {'X': 0.4636468291282654, 'Y': 1.1918797492980957, 'Z': 0.2654724419116974, 'Visibility': 0.11807003617286682}, {'X': 0.59075528383255, 'Y': 1.2366101741790771, 'Z': 0.19505172967910767, 'Visibility': 0.05298679694533348}, {'X': 0.47040674090385437, 'Y': 1.223853588104248, 'Z': 0.28697559237480164, 'Visibility': 0.08733111619949341}, {'X': 0.5629550814628601, 'Y': 1.2935431003570557, 'Z': 0.014018867164850235, 'Visibility': 0.07360520958900452}, {'X': 0.4570915997028351, 'Y': 1.2667540311813354, 'Z': 0.11895859241485596, 'Visibility': 0.07564388960599899}]|archive/barbell_biceps_curl/barbell_biceps_curl_700111.jpg
[{'X': 0.517959475517273, 'Y': -0.0198783278465271, 'Z': -0.6216850876808167, 'Visibility': 0.7084227800369263}, {'X': 0.545187771320343, 'Y': -0.079883873462677, 'Z': -0.6446051001548767, 'Visibility': 0.49031195044517517}, {'X': 0.5608471632003784, 'Y': -0.07705742120742798, 'Z': -0.6455184817314148, 'Visibility': 0.4731232523918152}, {'X': 0.5754615068435669, 'Y': -0.07457464933395386, 'Z': -0.6454437375068665, 'Visibility': 0.4862794280052185}, {'X': 0.511686384677887, 'Y': -0.08791834115982056, 'Z': -0.5873027443885803, 'Visibility': 0.6720861792564392}, {'X': 0.5023649334907532, 'Y': -0.0897262692451477, 'Z': -0.5887359976768494, 'Visibility': 0.7824309468269348}, {'X': 0.4936153292655945, 'Y': -0.0923362448811531, 'Z': -0.5896993279457092, 'Visibility': 0.8602835536003113}, {'X': 0.61017245054245, 'Y': -0.045974671840667725, 'Z': -0.6272408962249756, 'Visibility': 0.6465194821357727}, {'X': 0.507165253162384, 'Y': -0.05278664827346802, 'Z': -0.3710312247276306, 'Visibility': 0.8079222440719604}, {'X': 0.5466803312301636, 'Y': 0.04231882095336914, 'Z': -0.5973646640777588, 'Visibility': 0.7842034101486206}, {'X': 0.5082418918609619, 'Y': 0.038627564907073975, 'Z': -0.5299012064933777, 'Visibility': 0.8579116463661194}, {'X': 0.6920360922813416, 'Y': 0.3808414340019226, 'Z': -0.6743261814117432, 'Visibility': 0.9903326630592346}, {'X': 0.46812427043914795, 'Y': 0.29453885555267334, 'Z': -0.03706539422273636, 'Visibility': 0.9974138736724854}, {'X': 0.6631470322608948, 'Y': 0.8122427463531494, 'Z': -0.6263759136199951, 'Visibility': 0.6555138230323792}, {'X': 0.41123998165130615, 'Y': 0.6374247074127197, 'Z': 0.10126890242099762, 'Visibility': 0.1325700432062149}, {'X': 0.5409970879554749, 'Y': 1.0305641889572144, 'Z': -0.5864294171333313, 'Visibility': 0.23088698089122772}, {'X': 0.25104472041130066, 'Y': 0.7504201531410217, 'Z': -0.24509674310684204, 'Visibility': 0.9225496053695679}, {'X': 0.5088181495666504, 'Y': 1.1218018531799316, 'Z': -0.649159848690033, 'Visibility': 0.27059176564216614}, {'X': 0.204768568277359, 'Y': 0.7586809992790222, 'Z': -0.31922146677970886, 'Visibility': 0.9452297687530518}, {'X': 0.4723282754421234, 'Y': 1.0850918292999268, 'Z': -0.6736537218093872, 'Visibility': 0.3069431483745575}, {'X': 0.1931786835193634, 'Y': 0.7360513210296631, 'Z': -0.41409042477607727, 'Visibility': 0.954978346824646}, {'X': 0.4820883572101593, 'Y': 1.0458929538726807, 'Z': -0.5893468856811523, 'Visibility': 0.2599608600139618}, {'X': 0.2128073275089264, 'Y': 0.7338731288909912, 'Z': -0.2981105148792267, 'Visibility': 0.9376688003540039}, {'X': 0.598459780216217, 'Y': 1.0126903057098389, 'Z': -0.20160658657550812, 'Visibility': 0.9212945699691772}, {'X': 0.4715408682823181, 'Y': 0.9671205878257751, 'Z': 0.20140045881271362, 'Visibility': 0.9608880281448364}, {'X': 0.5987889170646667, 'Y': 1.5289275646209717, 'Z': 0.20368728041648865, 'Visibility': 0.010493263602256775}, {'X': 0.4585551917552948, 'Y': 1.406409502029419, 'Z': 0.4012041985988617, 'Visibility': 0.003527653170749545}, {'X': 0.6135343313217163, 'Y': 1.9734853506088257, 'Z': 0.7362308502197266, 'Visibility': 0.007675797678530216}, {'X': 0.4731958508491516, 'Y': 1.9276130199432373, 'Z': 0.8127250075340271, 'Visibility': 0.0042868866585195065}, {'X': 0.6445040106773376, 'Y': 2.0278937816619873, 'Z': 0.7756051421165466, 'Visibility': 0.010273735970258713}, {'X': 0.4901033639907837, 'Y': 2.0107502937316895, 'Z': 0.8448854684829712, 'Visibility': 0.007033981382846832}, {'X': 0.509460985660553, 'Y': 2.122041940689087, 'Z': 0.5753451585769653, 'Visibility': 0.006645729299634695}, {'X': 0.4197615385055542, 'Y': 2.0610318183898926, 'Z': 0.6364282965660095, 'Visibility': 0.0046144211664795876}]|archive/barbell_biceps_curl/barbell_biceps_curl_5300171.jpg
[{'X': 0.5231547355651855, 'Y': 0.058891355991363525, 'Z': -1.316109538078308, 'Visibility': 0.9078006148338318}, {'X': 0.5499767065048218, 'Y': -0.006009519100189209, 'Z': -1.3068642616271973, 'Visibility': 0.8428053259849548}, {'X': 0.5679864287376404, 'Y': -0.009231328964233398, 'Z': -1.3079112768173218, 'Visibility': 0.8299650549888611}, {'X': 0.581583559513092, 'Y': -0.011958956718444824, 'Z': -1.3081059455871582, 'Visibility': 0.8793648481369019}, {'X': 0.4936881363391876, 'Y': -0.00816565752029419, 'Z': -1.3144062757492065, 'Visibility': 0.8828741908073425}, {'X': 0.4766274094581604, 'Y': -0.009703218936920166, 'Z': -1.3153207302093506, 'Visibility': 0.8937127590179443}, {'X': 0.46191850304603577, 'Y': -0.01061856746673584, 'Z': -1.3162693977355957, 'Visibility': 0.9239019155502319}, {'X': 0.592694878578186, 'Y': -0.02001214027404785, 'Z': -1.10608971118927, 'Visibility': 0.9387667775154114}, {'X': 0.4413002133369446, 'Y': -0.010953187942504883, 'Z': -1.1341288089752197, 'Visibility': 0.9099484086036682}, {'X': 0.5551616549491882, 'Y': 0.09355628490447998, 'Z': -1.2203913927078247, 'Visibility': 0.9234908819198608}, {'X': 0.4895491898059845, 'Y': 0.0952354148030281, 'Z': -1.2338929176330566, 'Visibility': 0.9270464777946472}, {'X': 0.7043153047561646, 'Y': 0.237820565700531, 'Z': -0.9560161828994751, 'Visibility': 0.997007429599762}, {'X': 0.3086167573928833, 'Y': 0.24550604820251465, 'Z': -0.9286264777183533, 'Visibility': 0.9844315648078918}, {'X': 0.659423828125, 'Y': 0.6934085488319397, 'Z': -0.9132319688796997, 'Visibility': 0.8533762097358704}, {'X': 0.34482717514038086, 'Y': 0.6863332986831665, 'Z': -0.9941736459732056, 'Visibility': 0.6912314295768738}, {'X': 0.6393760442733765, 'Y': 1.061191439628601, 'Z': -0.9482139945030212, 'Visibility': 0.3210149109363556}, {'X': 0.4089343249797821, 'Y': 1.1074659824371338, 'Z': -1.0726256370544434, 'Visibility': 0.09574443101882935}, {'X': 0.6586002111434937, 'Y': 1.205267310142517, 'Z': -1.0181649923324585, 'Visibility': 0.25718894600868225}, {'X': 0.4005788564682007, 'Y': 1.2003943920135498, 'Z': -1.156415581703186, 'Visibility': 0.05785996466875076}, {'X': 0.6257717609405518, 'Y': 1.2057843208312988, 'Z': -1.078498125076294, 'Visibility': 0.3183256685733795}, {'X': 0.4278407096862793, 'Y': 1.2002681493759155, 'Z': -1.1963223218917847, 'Visibility': 0.08073008805513382}, {'X': 0.6027650833129883, 'Y': 1.167020320892334, 'Z': -0.9715800881385803, 'Visibility': 0.3307234048843384}, {'X': 0.44142788648605347, 'Y': 1.1510924100875854, 'Z': -1.0943652391433716, 'Visibility': 0.08461689949035645}, {'X': 0.6014220714569092, 'Y': 0.7477184534072876, 'Z': -0.007530241273343563, 'Visibility': 0.9757678508758545}, {'X': 0.40553247928619385, 'Y': 0.7517040967941284, 'Z': 0.006957144010812044, 'Visibility': 0.9803944826126099}, {'X': 0.6009439826011658, 'Y': 1.1791036128997803, 'Z': 0.3002988398075104, 'Visibility': 0.02628755383193493}, {'X': 0.41831138730049133, 'Y': 1.1460285186767578, 'Z': 0.38593295216560364, 'Visibility': 0.023753697052598}, {'X': 0.5879698991775513, 'Y': 1.2830023765563965, 'Z': 1.0056027173995972, 'Visibility': 0.0049748714081943035}, {'X': 0.4180077314376831, 'Y': 1.3297358751296997, 'Z': 1.0092198848724365, 'Visibility': 0.014015535824000835}, {'X': 0.600547730922699, 'Y': 1.275451898574829, 'Z': 1.0710790157318115, 'Visibility': 0.005203766282647848}, {'X': 0.421021044254303, 'Y': 1.3455920219421387, 'Z': 1.0696927309036255, 'Visibility': 0.011359470896422863}, {'X': 0.5204035043716431, 'Y': 1.4282281398773193, 'Z': 0.8872667551040649, 'Visibility': 0.0064312308095395565}, {'X': 0.4248628318309784, 'Y': 1.4722224473953247, 'Z': 0.8803189396858215, 'Visibility': 0.011400407180190086}]|archive/barbell_biceps_curl/barbell_biceps_curl_5200171.jpg
[{'X': 0.43522703647613525, 'Y': 0.2976853549480438, 'Z': -0.6947601437568665, 'Visibility': 0.9999960660934448}, {'X': 0.4483605921268463, 'Y': 0.2721291780471802, 'Z': -0.6643667221069336, 'Visibility': 0.9999904632568359}, {'X': 0.45712777972221375, 'Y': 0.2735556662082672, 'Z': -0.664773166179657, 'Visibility': 0.999984860420227}, {'X': 0.46322253346443176, 'Y': 0.27574586868286133, 'Z': -0.66488116979599, 'Visibility': 0.9999898672103882}, {'X': 0.4258127808570862, 'Y': 0.2666850686073303, 'Z': -0.6624935269355774, 'Visibility': 0.9999938011169434}, {'X': 0.41948601603507996, 'Y': 0.2650706470012665, 'Z': -0.6629289984703064, 'Visibility': 0.9999920129776001}, {'X': 0.4135291874408722, 'Y': 0.2647874057292938, 'Z': -0.6632438898086548, 'Visibility': 0.9999943971633911}, {'X': 0.4720630645751953, 'Y': 0.28774386644363403, 'Z': -0.4645363986492157, 'Visibility': 0.9999936819076538}, {'X': 0.40304264426231384, 'Y': 0.27849048376083374, 'Z': -0.4557936489582062, 'Visibility': 0.9999867677688599}, {'X': 0.44879990816116333, 'Y': 0.3277040719985962, 'Z': -0.6158474087715149, 'Visibility': 0.9999973773956299}, {'X': 0.4219455420970917, 'Y': 0.3237158954143524, 'Z': -0.6159130334854126, 'Visibility': 0.9999973773956299}, {'X': 0.5189175009727478, 'Y': 0.47912245988845825, 'Z': -0.33707597851753235, 'Visibility': 0.9999924898147583}, {'X': 0.3435714542865753, 'Y': 0.46303585171699524, 'Z': -0.309865266084671, 'Visibility': 0.9999837875366211}, {'X': 0.542852520942688, 'Y': 0.6613517999649048, 'Z': -0.36164936423301697, 'Visibility': 0.9985607266426086}, {'X': 0.32363012433052063, 'Y': 0.6511988043785095, 'Z': -0.32787808775901794, 'Visibility': 0.9924657344818115}, {'X': 0.5640281438827515, 'Y': 0.8042320013046265, 'Z': -0.5878515839576721, 'Visibility': 0.9958198070526123}, {'X': 0.3057859539985657, 'Y': 0.8009001016616821, 'Z': -0.525249719619751, 'Visibility': 0.9865490794181824}, {'X': 0.573248028755188, 'Y': 0.8630815148353577, 'Z': -0.6608917713165283, 'Visibility': 0.9892213344573975}, {'X': 0.28782644867897034, 'Y': 0.8456057906150818, 'Z': -0.5994126796722412, 'Visibility': 0.9665460586547852}, {'X': 0.5660790801048279, 'Y': 0.8510757684707642, 'Z': -0.7143422365188599, 'Visibility': 0.9908390641212463}, {'X': 0.2968887388706207, 'Y': 0.847888708114624, 'Z': -0.6500867605209351, 'Visibility': 0.9727661609649658}, {'X': 0.5532004237174988, 'Y': 0.8309468626976013, 'Z': -0.6145017743110657, 'Visibility': 0.9879695177078247}, {'X': 0.306857168674469, 'Y': 0.8342199325561523, 'Z': -0.5529480576515198, 'Visibility': 0.9657460451126099}, {'X': 0.4803077280521393, 'Y': 0.7687708735466003, 'Z': 0.010670593939721584, 'Visibility': 0.9997401833534241}, {'X': 0.3703700006008148, 'Y': 0.7672191858291626, 'Z': -0.01086234487593174, 'Visibility': 0.9998263716697693}, {'X': 0.49178820848464966, 'Y': 0.9974707961082458, 'Z': 0.036793652921915054, 'Visibility': 0.26043832302093506}, {'X': 0.3801644444465637, 'Y': 1.0001423358917236, 'Z': -0.13107016682624817, 'Visibility': 0.5562517642974854}, {'X': 0.49274274706840515, 'Y': 1.2232389450073242, 'Z': 0.4574027955532074, 'Visibility': 0.011614810675382614}, {'X': 0.37481147050857544, 'Y': 1.210452914237976, 'Z': 0.1365586370229721, 'Visibility': 0.08747633546590805}, {'X': 0.4944532513618469, 'Y': 1.243674397468567, 'Z': 0.49027329683303833, 'Visibility': 0.008048351854085922}, {'X': 0.37285348773002625, 'Y': 1.2417584657669067, 'Z': 0.15632863342761993, 'Visibility': 0.037760209292173386}, {'X': 0.4728902280330658, 'Y': 1.307267665863037, 'Z': 0.33970338106155396, 'Visibility': 0.01241621095687151}, {'X': 0.3874129056930542, 'Y': 1.27742338180542, 'Z': -0.023768289014697075, 'Visibility': 0.06358931958675385}]|archive/barbell_biceps_curl/barbell_biceps_curl_2300061.jpg
[{'X': 0.4754857122898102, 'Y': 0.12401199340820312, 'Z': 0.28052273392677307, 'Visibility': 0.9837954044342041}, {'X': 0.4656851589679718, 'Y': 0.09669601917266846, 'Z': 0.21792927384376526, 'Visibility': 0.972206175327301}, {'X': 0.4581659138202667, 'Y': 0.09777671098709106, 'Z': 0.21755947172641754, 'Visibility': 0.9771819710731506}, {'X': 0.45043113827705383, 'Y': 0.09829051047563553, 'Z': 0.21747159957885742, 'Visibility': 0.9798444509506226}, {'X': 0.4886040985584259, 'Y': 0.09377270936965942, 'Z': 0.22315579652786255, 'Visibility': 0.9760801196098328}, {'X': 0.49828797578811646, 'Y': 0.09272439032793045, 'Z': 0.22246885299682617, 'Visibility': 0.9835585951805115}, {'X': 0.5079231262207031, 'Y': 0.09137607365846634, 'Z': 0.22214847803115845, 'Visibility': 0.9861769080162048}, {'X': 0.43991535902023315, 'Y': 0.11964232474565506, 'Z': -0.019958248361945152, 'Visibility': 0.9952164888381958}, {'X': 0.5204569101333618, 'Y': 0.11077015846967697, 'Z': 0.003865445265546441, 'Visibility': 0.9903407692909241}, {'X': 0.46696069836616516, 'Y': 0.15569430589675903, 'Z': 0.21668829023838043, 'Visibility': 0.992514431476593}, {'X': 0.4892183244228363, 'Y': 0.1565569043159485, 'Z': 0.21937032043933868, 'Visibility': 0.9912376999855042}, {'X': 0.36535078287124634, 'Y': 0.37433403730392456, 'Z': -0.11060494929552078, 'Visibility': 0.9999452829360962}, {'X': 0.6280843019485474, 'Y': 0.36769548058509827, 'Z': -0.02423580177128315, 'Visibility': 0.999538779258728}, {'X': 0.34440308809280396, 'Y': 0.749086320400238, 'Z': -0.01389105524867773, 'Visibility': 0.8652806878089905}, {'X': 0.6585682034492493, 'Y': 0.7325897812843323, 'Z': 0.025617746636271477, 'Visibility': 0.13807550072669983}, {'X': 0.32757407426834106, 'Y': 0.9844298362731934, 'Z': 0.13905636966228485, 'Visibility': 0.6888262033462524}, {'X': 0.6516517400741577, 'Y': 0.9740288853645325, 'Z': 0.14759036898612976, 'Visibility': 0.13329623639583588}, {'X': 0.3250441551208496, 'Y': 1.0355594158172607, 'Z': 0.13451647758483887, 'Visibility': 0.6078894138336182}, {'X': 0.6602634787559509, 'Y': 1.0165553092956543, 'Z': 0.1398756206035614, 'Visibility': 0.12646660208702087}, {'X': 0.32962971925735474, 'Y': 1.0304701328277588, 'Z': 0.11574358493089676, 'Visibility': 0.6115416288375854}, {'X': 0.6476197838783264, 'Y': 1.0325844287872314, 'Z': 0.1187473013997078, 'Visibility': 0.12260062247514725}, {'X': 0.33541446924209595, 'Y': 1.0013008117675781, 'Z': 0.13868482410907745, 'Visibility': 0.4984457790851593}, {'X': 0.636319100856781, 'Y': 1.0026605129241943, 'Z': 0.13976122438907623, 'Visibility': 0.09984175115823746}, {'X': 0.43140119314193726, 'Y': 0.8720694780349731, 'Z': -0.013354643248021603, 'Visibility': 0.9892929792404175}, {'X': 0.5405378341674805, 'Y': 0.8617613315582275, 'Z': 0.012765037827193737, 'Visibility': 0.9874380230903625}, {'X': 0.428049772977829, 'Y': 1.239037275314331, 'Z': 0.2677605450153351, 'Visibility': 0.054855577647686005}, {'X': 0.5244525074958801, 'Y': 1.2207330465316772, 'Z': 0.3183957636356354, 'Visibility': 0.0117572583258152}, {'X': 0.48416760563850403, 'Y': 1.6300907135009766, 'Z': 0.48394063115119934, 'Visibility': 0.021271878853440285}, {'X': 0.48105588555336, 'Y': 1.616905689239502, 'Z': 0.5846636295318604, 'Visibility': 0.009265517815947533}, {'X': 0.5119227170944214, 'Y': 1.7001805305480957, 'Z': 0.49796637892723083, 'Visibility': 0.04453759640455246}, {'X': 0.46591463685035706, 'Y': 1.6914477348327637, 'Z': 0.6072823405265808, 'Visibility': 0.019201574847102165}, {'X': 0.4218476414680481, 'Y': 1.6637380123138428, 'Z': 0.4315946400165558, 'Visibility': 0.010097304359078407}, {'X': 0.4805731177330017, 'Y': 1.6434614658355713, 'Z': 0.5622455477714539, 'Visibility': 0.005136632826179266}]|archive/barbell_biceps_curl/barbell_biceps_curl_5700231.jpg
[{'X': 0.5103203654289246, 'Y': 0.19298988580703735, 'Z': -0.1023331731557846, 'Visibility': 0.9986509680747986}, {'X': 0.5017169117927551, 'Y': 0.16741561889648438, 'Z': -0.08218146115541458, 'Visibility': 0.9968937635421753}, {'X': 0.4990133047103882, 'Y': 0.1666751503944397, 'Z': -0.08251674473285675, 'Visibility': 0.9971418976783752}, {'X': 0.49613887071609497, 'Y': 0.16593992710113525, 'Z': -0.08255831152200699, 'Visibility': 0.9977752566337585}, {'X': 0.5011345744132996, 'Y': 0.16705787181854248, 'Z': -0.1344435214996338, 'Visibility': 0.9980003237724304}, {'X': 0.4981688857078552, 'Y': 0.16618838906288147, 'Z': -0.13487984240055084, 'Visibility': 0.9987050294876099}, {'X': 0.49521324038505554, 'Y': 0.16525575518608093, 'Z': -0.13511686027050018, 'Visibility': 0.9989365935325623}, {'X': 0.47372516989707947, 'Y': 0.17055761814117432, 'Z': 0.019769828766584396, 'Visibility': 0.9991579055786133}, {'X': 0.47433245182037354, 'Y': 0.16985902190208435, 'Z': -0.21601271629333496, 'Visibility': 0.9990763664245605}, {'X': 0.5010371208190918, 'Y': 0.21222512423992157, 'Z': -0.05550479143857956, 'Visibility': 0.9988810420036316}, {'X': 0.500895619392395, 'Y': 0.2134229838848114, 'Z': -0.1262233406305313, 'Visibility': 0.9991976618766785}, {'X': 0.46196141839027405, 'Y': 0.32432666420936584, 'Z': 0.18312154710292816, 'Visibility': 0.9998371601104736}, {'X': 0.4526527523994446, 'Y': 0.3239668309688568, 'Z': -0.3188701272010803, 'Visibility': 0.9999604225158691}, {'X': 0.44979599118232727, 'Y': 0.49847331643104553, 'Z': 0.25422847270965576, 'Visibility': 0.30150502920150757}, {'X': 0.4428611993789673, 'Y': 0.5022422671318054, 'Z': -0.3906553387641907, 'Visibility': 0.9992652535438538}, {'X': 0.5161004662513733, 'Y': 0.5932829976081848, 'Z': 0.12146961688995361, 'Visibility': 0.4649825096130371}, {'X': 0.511939525604248, 'Y': 0.6012367010116577, 'Z': -0.4000198245048523, 'Visibility': 0.9990480542182922}, {'X': 0.53178471326828, 'Y': 0.6224114894866943, 'Z': 0.11053940653800964, 'Visibility': 0.5629494190216064}, {'X': 0.5331119298934937, 'Y': 0.6349750757217407, 'Z': -0.4652801752090454, 'Visibility': 0.9981043338775635}, {'X': 0.5407848954200745, 'Y': 0.6115254163742065, 'Z': 0.0515727624297142, 'Visibility': 0.5949932932853699}, {'X': 0.539454996585846, 'Y': 0.6205459833145142, 'Z': -0.45012524724006653, 'Visibility': 0.9980413913726807}, {'X': 0.535688579082489, 'Y': 0.601547360420227, 'Z': 0.09313558787107468, 'Visibility': 0.5836459398269653}, {'X': 0.5336436033248901, 'Y': 0.6092451214790344, 'Z': -0.39553144574165344, 'Visibility': 0.9953532218933105}, {'X': 0.4642309248447418, 'Y': 0.6586959958076477, 'Z': 0.15586312115192413, 'Visibility': 0.9990261793136597}, {'X': 0.4632669687271118, 'Y': 0.6633906960487366, 'Z': -0.15597747266292572, 'Visibility': 0.9996398687362671}, {'X': 0.4750281870365143, 'Y': 0.9099947810173035, 'Z': 0.2569099962711334, 'Visibility': 0.17422373592853546}, {'X': 0.47734299302101135, 'Y': 0.9210466146469116, 'Z': -0.06938435137271881, 'Visibility': 0.8958134055137634}, {'X': 0.461619108915329, 'Y': 1.1073620319366455, 'Z': 0.45726633071899414, 'Visibility': 0.11493968218564987}, {'X': 0.45392295718193054, 'Y': 1.122389793395996, 'Z': 0.12472578138113022, 'Visibility': 0.7141567468643188}, {'X': 0.45056402683258057, 'Y': 1.137594223022461, 'Z': 0.47200214862823486, 'Visibility': 0.24798662960529327}, {'X': 0.4346426725387573, 'Y': 1.1602776050567627, 'Z': 0.1409163922071457, 'Visibility': 0.5863001346588135}, {'X': 0.4970869719982147, 'Y': 1.154358148574829, 'Z': 0.4266923666000366, 'Visibility': 0.1483120173215866}, {'X': 0.5084251761436462, 'Y': 1.1627552509307861, 'Z': 0.07031670957803726, 'Visibility': 0.47951024770736694}]|archive/barbell_biceps_curl/barbell_biceps_curl_5000081.jpg
[{'X': 0.514177680015564, 'Y': 0.13353514671325684, 'Z': -0.5571510791778564, 'Visibility': 0.9999920129776001}, {'X': 0.5246076583862305, 'Y': 0.1155274510383606, 'Z': -0.5180648565292358, 'Visibility': 0.9999810457229614}, {'X': 0.5313852429389954, 'Y': 0.11723488569259644, 'Z': -0.5185006856918335, 'Visibility': 0.9999712705612183}, {'X': 0.5386226177215576, 'Y': 0.11860930919647217, 'Z': -0.5186330080032349, 'Visibility': 0.999981164932251}, {'X': 0.504834771156311, 'Y': 0.1154254674911499, 'Z': -0.519612729549408, 'Visibility': 0.9999895095825195}, {'X': 0.4988543689250946, 'Y': 0.11711447685956955, 'Z': -0.5201343297958374, 'Visibility': 0.9999876022338867}, {'X': 0.49243268370628357, 'Y': 0.11937510967254639, 'Z': -0.5205246806144714, 'Visibility': 0.999991774559021}, {'X': 0.5491163730621338, 'Y': 0.1367397904396057, 'Z': -0.3059791624546051, 'Visibility': 0.9999878406524658}, {'X': 0.48395058512687683, 'Y': 0.14046096801757812, 'Z': -0.3114757537841797, 'Visibility': 0.9999825954437256}, {'X': 0.5276960134506226, 'Y': 0.16281867027282715, 'Z': -0.4757940173149109, 'Visibility': 0.9999960660934448}, {'X': 0.5005207657814026, 'Y': 0.16051816940307617, 'Z': -0.4803678095340729, 'Visibility': 0.9999964237213135}, {'X': 0.6051988005638123, 'Y': 0.34069740772247314, 'Z': -0.1787462830543518, 'Visibility': 0.9999845027923584}, {'X': 0.42521172761917114, 'Y': 0.3467510938644409, 'Z': -0.1898089349269867, 'Visibility': 0.9999781847000122}, {'X': 0.6252232193946838, 'Y': 0.5442843437194824, 'Z': -0.11598559468984604, 'Visibility': 0.9964126944541931}, {'X': 0.4073863625526428, 'Y': 0.54910808801651, 'Z': -0.1769130676984787, 'Visibility': 0.9945840239524841}, {'X': 0.6489745378494263, 'Y': 0.722994327545166, 'Z': -0.29494577646255493, 'Visibility': 0.9946662187576294}, {'X': 0.3982648253440857, 'Y': 0.7375060319900513, 'Z': -0.3607586622238159, 'Visibility': 0.9948622584342957}, {'X': 0.658335268497467, 'Y': 0.7737938165664673, 'Z': -0.35191044211387634, 'Visibility': 0.9883072972297668}, {'X': 0.38695839047431946, 'Y': 0.7827046513557434, 'Z': -0.43281325697898865, 'Visibility': 0.9869847297668457}, {'X': 0.6602961421012878, 'Y': 0.7721361517906189, 'Z': -0.41897013783454895, 'Visibility': 0.9900374412536621}, {'X': 0.3873608410358429, 'Y': 0.7843884229660034, 'Z': -0.48721858859062195, 'Visibility': 0.9887970685958862}, {'X': 0.652221143245697, 'Y': 0.7571958899497986, 'Z': -0.32516762614250183, 'Visibility': 0.9879575371742249}, {'X': 0.3950806260108948, 'Y': 0.7725138068199158, 'Z': -0.3891349136829376, 'Visibility': 0.9858194589614868}, {'X': 0.5697077512741089, 'Y': 0.6889451742172241, 'Z': 0.006924817338585854, 'Visibility': 0.9997867941856384}, {'X': 0.4643777906894684, 'Y': 0.6936962604522705, 'Z': -0.007221963722258806, 'Visibility': 0.9998629093170166}, {'X': 0.5716567635536194, 'Y': 0.974267840385437, 'Z': -0.028193728998303413, 'Visibility': 0.6970553994178772}, {'X': 0.4573918879032135, 'Y': 0.977197527885437, 'Z': -0.1025950163602829, 'Visibility': 0.7140868306159973}, {'X': 0.5943964719772339, 'Y': 1.210705280303955, 'Z': 0.3773896396160126, 'Visibility': 0.07586590200662613}, {'X': 0.4714984893798828, 'Y': 1.2134461402893066, 'Z': 0.1947907656431198, 'Visibility': 0.1802796572446823}, {'X': 0.5981609225273132, 'Y': 1.2320709228515625, 'Z': 0.409197062253952, 'Visibility': 0.03404410183429718}, {'X': 0.47655609250068665, 'Y': 1.2429916858673096, 'Z': 0.21787166595458984, 'Visibility': 0.0741935446858406}, {'X': 0.5711366534233093, 'Y': 1.3032363653182983, 'Z': 0.25022661685943604, 'Visibility': 0.06007852777838707}, {'X': 0.47134530544281006, 'Y': 1.299553394317627, 'Z': 0.044494230300188065, 'Visibility': 0.11486540734767914}]|archive/barbell_biceps_curl/barbell_biceps_curl_700071.jpg
[{'X': 0.49904781579971313, 'Y': 0.17709678411483765, 'Z': 0.15986506640911102, 'Visibility': 0.9984645843505859}, {'X': 0.4896095395088196, 'Y': 0.16128504276275635, 'Z': 0.13603301346302032, 'Visibility': 0.9967128038406372}, {'X': 0.4849681258201599, 'Y': 0.16167742013931274, 'Z': 0.13581612706184387, 'Visibility': 0.9967016577720642}, {'X': 0.4804585874080658, 'Y': 0.1620025634765625, 'Z': 0.13578777015209198, 'Visibility': 0.9972307085990906}, {'X': 0.5022023916244507, 'Y': 0.1615789532661438, 'Z': 0.10881716758012772, 'Visibility': 0.9986189603805542}, {'X': 0.5061938762664795, 'Y': 0.16181769967079163, 'Z': 0.10842124372720718, 'Visibility': 0.9991534948348999}, {'X': 0.5095348358154297, 'Y': 0.16149330139160156, 'Z': 0.10825669765472412, 'Visibility': 0.9994623064994812}, {'X': 0.47149255871772766, 'Y': 0.17429837584495544, 'Z': 0.049403514713048935, 'Visibility': 0.9993603825569153}, {'X': 0.5106816291809082, 'Y': 0.17038726806640625, 'Z': -0.07448486983776093, 'Visibility': 0.9997133612632751}, {'X': 0.49452218413352966, 'Y': 0.19810375571250916, 'Z': 0.1417163908481598, 'Visibility': 0.9992324113845825}, {'X': 0.5060916543006897, 'Y': 0.19795218110084534, 'Z': 0.10372041910886765, 'Visibility': 0.9995614886283875}, {'X': 0.4253883957862854, 'Y': 0.3362160623073578, 'Z': 0.11126145720481873, 'Visibility': 0.9998158812522888}, {'X': 0.5396757125854492, 'Y': 0.32563215494155884, 'Z': -0.1830749660730362, 'Visibility': 0.9999634027481079}, {'X': 0.442524790763855, 'Y': 0.4943503141403198, 'Z': 0.3127799928188324, 'Visibility': 0.21909363567829132}, {'X': 0.573521614074707, 'Y': 0.5097464323043823, 'Z': -0.1231631189584732, 'Visibility': 0.9821709394454956}, {'X': 0.496404230594635, 'Y': 0.5479747653007507, 'Z': 0.5047610998153687, 'Visibility': 0.019302090629935265}, {'X': 0.6112462878227234, 'Y': 0.5572914481163025, 'Z': 0.03891485929489136, 'Visibility': 0.9546627402305603}, {'X': 0.5055648684501648, 'Y': 0.5575000047683716, 'Z': 0.5402806401252747, 'Visibility': 0.025039054453372955}, {'X': 0.6232022643089294, 'Y': 0.564027726650238, 'Z': 0.02364235743880272, 'Visibility': 0.9261765480041504}, {'X': 0.5180778503417969, 'Y': 0.5390031337738037, 'Z': 0.502981424331665, 'Visibility': 0.024020839482545853}, {'X': 0.6203401684761047, 'Y': 0.5552610754966736, 'Z': 0.03571454435586929, 'Visibility': 0.9168280363082886}, {'X': 0.5194320678710938, 'Y': 0.545939564704895, 'Z': 0.4944947063922882, 'Visibility': 0.02784579060971737}, {'X': 0.6164305210113525, 'Y': 0.5539292097091675, 'Z': 0.04714116081595421, 'Visibility': 0.8495492339134216}, {'X': 0.4679863154888153, 'Y': 0.6322618722915649, 'Z': 0.10400316119194031, 'Visibility': 0.9995923638343811}, {'X': 0.5190396904945374, 'Y': 0.631817102432251, 'Z': -0.10405676811933517, 'Visibility': 0.9998586177825928}, {'X': 0.470908522605896, 'Y': 0.8390191197395325, 'Z': 0.36390459537506104, 'Visibility': 0.9234318137168884}, {'X': 0.5308588147163391, 'Y': 0.8634993433952332, 'Z': 0.09332066029310226, 'Visibility': 0.9860456585884094}, {'X': 0.45715102553367615, 'Y': 1.006314992904663, 'Z': 0.6031739115715027, 'Visibility': 0.8968087434768677}, {'X': 0.5179382562637329, 'Y': 1.0613759756088257, 'Z': 0.308927059173584, 'Visibility': 0.9681261777877808}, {'X': 0.46375811100006104, 'Y': 1.0676685571670532, 'Z': 0.6251035332679749, 'Visibility': 0.9172601103782654}, {'X': 0.5061709880828857, 'Y': 1.1042293310165405, 'Z': 0.32976046204566956, 'Visibility': 0.9164623618125916}, {'X': 0.4872119128704071, 'Y': 1.0015259981155396, 'Z': 0.6220123767852783, 'Visibility': 0.5932595133781433}, {'X': 0.5587249994277954, 'Y': 1.08050537109375, 'Z': 0.2952468991279602, 'Visibility': 0.7450416088104248}]|archive/barbell_biceps_curl/barbell_biceps_curl_600071.jpg
[{'X': 0.47426658868789673, 'Y': 0.21425461769104004, 'Z': -0.38081976771354675, 'Visibility': 0.9950803518295288}, {'X': 0.4941047430038452, 'Y': 0.16607612371444702, 'Z': -0.35625311732292175, 'Visibility': 0.987206220626831}, {'X': 0.5101610422134399, 'Y': 0.1650044322013855, 'Z': -0.35679900646209717, 'Visibility': 0.9840673208236694}, {'X': 0.5219393372535706, 'Y': 0.1649894118309021, 'Z': -0.35689839720726013, 'Visibility': 0.9884592890739441}, {'X': 0.45535311102867126, 'Y': 0.15595030784606934, 'Z': -0.3510739505290985, 'Visibility': 0.9925844073295593}, {'X': 0.44373515248298645, 'Y': 0.15045171976089478, 'Z': -0.3518194258213043, 'Visibility': 0.9925869107246399}, {'X': 0.4340749979019165, 'Y': 0.145921528339386, 'Z': -0.35235539078712463, 'Visibility': 0.9948779344558716}, {'X': 0.5342620015144348, 'Y': 0.1699204444885254, 'Z': -0.22594234347343445, 'Visibility': 0.9922365546226501}, {'X': 0.4245356023311615, 'Y': 0.1567535400390625, 'Z': -0.203900545835495, 'Visibility': 0.9920633435249329}, {'X': 0.4969783425331116, 'Y': 0.2547290325164795, 'Z': -0.3283369839191437, 'Visibility': 0.9922361969947815}, {'X': 0.4550412893295288, 'Y': 0.2549496293067932, 'Z': -0.3256343603134155, 'Visibility': 0.9941097497940063}, {'X': 0.6167155504226685, 'Y': 0.4389827847480774, 'Z': -0.2187388390302658, 'Visibility': 0.9993711113929749}, {'X': 0.3584672212600708, 'Y': 0.4260053038597107, 'Z': -0.1570393145084381, 'Visibility': 0.9981953501701355}, {'X': 0.6327286958694458, 'Y': 0.766283392906189, 'Z': -0.20697331428527832, 'Visibility': 0.9214692115783691}, {'X': 0.3490792214870453, 'Y': 0.7382116317749023, 'Z': -0.18564842641353607, 'Visibility': 0.4177335798740387}, {'X': 0.6336595416069031, 'Y': 1.0296248197555542, 'Z': -0.19649693369865417, 'Visibility': 0.5562949776649475}, {'X': 0.343241423368454, 'Y': 0.9886081218719482, 'Z': -0.20576366782188416, 'Visibility': 0.22326941788196564}, {'X': 0.642542839050293, 'Y': 1.091912031173706, 'Z': -0.2120962291955948, 'Visibility': 0.4953315258026123}, {'X': 0.3402118980884552, 'Y': 1.0242016315460205, 'Z': -0.228535994887352, 'Visibility': 0.21208401024341583}, {'X': 0.6293663382530212, 'Y': 1.0934990644454956, 'Z': -0.25127893686294556, 'Visibility': 0.5469638705253601}, {'X': 0.34855711460113525, 'Y': 1.0409302711486816, 'Z': -0.2576800584793091, 'Visibility': 0.2446749210357666}, {'X': 0.6098783016204834, 'Y': 1.087052583694458, 'Z': -0.2097717672586441, 'Visibility': 0.5914813876152039}, {'X': 0.36383160948753357, 'Y': 1.0270928144454956, 'Z': -0.21937009692192078, 'Visibility': 0.27004489302635193}, {'X': 0.5526203513145447, 'Y': 0.8940282464027405, 'Z': -0.009630231186747551, 'Visibility': 0.9915885329246521}, {'X': 0.41019946336746216, 'Y': 0.8790674209594727, 'Z': 0.00893409550189972, 'Visibility': 0.9906185269355774}, {'X': 0.5613586902618408, 'Y': 1.1892355680465698, 'Z': 0.06975884735584259, 'Visibility': 0.043544359505176544}, {'X': 0.42321789264678955, 'Y': 1.157643437385559, 'Z': 0.12285704165697098, 'Visibility': 0.016887690871953964}, {'X': 0.5535719394683838, 'Y': 1.4148228168487549, 'Z': 0.32470712065696716, 'Visibility': 0.0039342110976576805}, {'X': 0.424644410610199, 'Y': 1.3730366230010986, 'Z': 0.3834339380264282, 'Visibility': 0.005641349125653505}, {'X': 0.5631921887397766, 'Y': 1.4421026706695557, 'Z': 0.3458499312400818, 'Visibility': 0.004044534172862768}, {'X': 0.4243297576904297, 'Y': 1.4049738645553589, 'Z': 0.40900763869285583, 'Visibility': 0.004765736870467663}, {'X': 0.4934467375278473, 'Y': 1.5186443328857422, 'Z': 0.24483472108840942, 'Visibility': 0.004318709019571543}, {'X': 0.43640196323394775, 'Y': 1.461092472076416, 'Z': 0.32397064566612244, 'Visibility': 0.0056272149085998535}]|archive/barbell_biceps_curl/barbell_biceps_curl_5100081.jpg
[{'X': 0.5206575989723206, 'Y': 0.08825379610061646, 'Z': -0.8917213082313538, 'Visibility': 0.9990648627281189}, {'X': 0.5420354604721069, 'Y': 0.03913956880569458, 'Z': -0.8722363710403442, 'Visibility': 0.997791051864624}, {'X': 0.5558575391769409, 'Y': 0.03702503442764282, 'Z': -0.8728703856468201, 'Visibility': 0.9985656142234802}, {'X': 0.5674918293952942, 'Y': 0.03422892093658447, 'Z': -0.8730608820915222, 'Visibility': 0.9977046847343445}, {'X': 0.4973883032798767, 'Y': 0.03400123119354248, 'Z': -0.8629601001739502, 'Visibility': 0.9987882971763611}, {'X': 0.4836876094341278, 'Y': 0.030240774154663086, 'Z': -0.8636932969093323, 'Visibility': 0.9993847608566284}, {'X': 0.4711141288280487, 'Y': 0.02591771073639393, 'Z': -0.8642794489860535, 'Visibility': 0.9992056488990784}, {'X': 0.5854893326759338, 'Y': 0.01714944839477539, 'Z': -0.6312421560287476, 'Visibility': 0.9995869994163513}, {'X': 0.45065972208976746, 'Y': 0.007895171642303467, 'Z': -0.5905349850654602, 'Visibility': 0.9996088147163391}, {'X': 0.5427144169807434, 'Y': 0.11631429195404053, 'Z': -0.7861668467521667, 'Visibility': 0.9993122816085815}, {'X': 0.4951004385948181, 'Y': 0.10790729522705078, 'Z': -0.7782760262489319, 'Visibility': 0.9994733929634094}, {'X': 0.6815195083618164, 'Y': 0.2219236195087433, 'Z': -0.4608112871646881, 'Visibility': 0.9999597072601318}, {'X': 0.3445015847682953, 'Y': 0.22977107763290405, 'Z': -0.3536401689052582, 'Visibility': 0.9999419450759888}, {'X': 0.6591144800186157, 'Y': 0.7674303650856018, 'Z': -0.7511575222015381, 'Visibility': 0.9938364624977112}, {'X': 0.3463818430900574, 'Y': 0.7570422887802124, 'Z': -0.5644394159317017, 'Visibility': 0.9620187282562256}, {'X': 0.6594612002372742, 'Y': 0.4702441692352295, 'Z': -1.2731486558914185, 'Visibility': 0.9998026490211487}, {'X': 0.35506516695022583, 'Y': 0.5157578587532043, 'Z': -1.087807059288025, 'Visibility': 0.9999467134475708}, {'X': 0.6763057708740234, 'Y': 0.4408714175224304, 'Z': -1.3779186010360718, 'Visibility': 0.9999268054962158}, {'X': 0.367917001247406, 'Y': 0.46878451108932495, 'Z': -1.211101770401001, 'Visibility': 0.9999845027923584}, {'X': 0.6904694437980652, 'Y': 0.37437066435813904, 'Z': -1.3927041292190552, 'Visibility': 0.9999371767044067}, {'X': 0.3515532910823822, 'Y': 0.4115064740180969, 'Z': -1.2025517225265503, 'Visibility': 0.999984622001648}, {'X': 0.6769898533821106, 'Y': 0.3775721788406372, 'Z': -1.2861781120300293, 'Visibility': 0.9998972415924072}, {'X': 0.3533976674079895, 'Y': 0.42018672823905945, 'Z': -1.1004940271377563, 'Visibility': 0.9999774694442749}, {'X': 0.5937311053276062, 'Y': 0.7921820878982544, 'Z': -0.02045796997845173, 'Visibility': 0.9450476765632629}, {'X': 0.4019237160682678, 'Y': 0.7802460789680481, 'Z': 0.02063778229057789, 'Visibility': 0.9598430395126343}, {'X': 0.5907080173492432, 'Y': 1.2184994220733643, 'Z': -0.10033978521823883, 'Visibility': 0.11997637152671814}, {'X': 0.40132564306259155, 'Y': 1.1706533432006836, 'Z': 0.007248710375279188, 'Visibility': 0.07737551629543304}, {'X': 0.5807701945304871, 'Y': 1.5229722261428833, 'Z': 0.435482919216156, 'Visibility': 0.038280751556158066}, {'X': 0.3988286852836609, 'Y': 1.4864577054977417, 'Z': 0.495734304189682, 'Visibility': 0.06015665829181671}, {'X': 0.5913863778114319, 'Y': 1.5723209381103516, 'Z': 0.4797268509864807, 'Visibility': 0.0644150823354721}, {'X': 0.40263232588768005, 'Y': 1.554003357887268, 'Z': 0.5382369756698608, 'Visibility': 0.09718187153339386}, {'X': 0.5243204832077026, 'Y': 1.6555349826812744, 'Z': 0.3069971203804016, 'Visibility': 0.03197655454277992}, {'X': 0.39344489574432373, 'Y': 1.5845036506652832, 'Z': 0.35826846957206726, 'Visibility': 0.03336922451853752}]|archive/barbell_biceps_curl/barbell_biceps_curl_5200011.jpg
[{'X': 0.4378966987133026, 'Y': 0.13763856887817383, 'Z': -0.24216829240322113, 'Visibility': 0.9975868463516235}, {'X': 0.44980937242507935, 'Y': 0.11063802242279053, 'Z': -0.27420946955680847, 'Visibility': 0.9967232346534729}, {'X': 0.4541579484939575, 'Y': 0.11173384636640549, 'Z': -0.274771511554718, 'Visibility': 0.9967137575149536}, {'X': 0.4595041275024414, 'Y': 0.11190348863601685, 'Z': -0.27480393648147583, 'Visibility': 0.9971101880073547}, {'X': 0.44808438420295715, 'Y': 0.10520083457231522, 'Z': -0.22418242692947388, 'Visibility': 0.9982878565788269}, {'X': 0.45054590702056885, 'Y': 0.10339028388261795, 'Z': -0.2249515950679779, 'Visibility': 0.9989696741104126}, {'X': 0.45267632603645325, 'Y': 0.10070110112428665, 'Z': -0.22544480860233307, 'Visibility': 0.9992719292640686}, {'X': 0.49417269229888916, 'Y': 0.12058728188276291, 'Z': -0.3413092792034149, 'Visibility': 0.9990407824516296}, {'X': 0.48103681206703186, 'Y': 0.11355096101760864, 'Z': -0.10758636146783829, 'Visibility': 0.9992781281471252}, {'X': 0.45437705516815186, 'Y': 0.17149168252944946, 'Z': -0.2565523684024811, 'Visibility': 0.9979382157325745}, {'X': 0.4507932662963867, 'Y': 0.16933339834213257, 'Z': -0.1919415444135666, 'Visibility': 0.9979032278060913}, {'X': 0.6291534900665283, 'Y': 0.2969823181629181, 'Z': -0.29600298404693604, 'Visibility': 0.9992154836654663}, {'X': 0.45530396699905396, 'Y': 0.3236372172832489, 'Z': -0.02807324007153511, 'Visibility': 0.9997319579124451}, {'X': 0.6675551533699036, 'Y': 0.6015716791152954, 'Z': -0.254743754863739, 'Visibility': 0.24687296152114868}, {'X': 0.39264899492263794, 'Y': 0.5765817165374756, 'Z': 0.03508763760328293, 'Visibility': 0.2834948003292084}, {'X': 0.6254279017448425, 'Y': 0.7132464647293091, 'Z': -0.14218184351921082, 'Visibility': 0.08178488165140152}, {'X': 0.25555017590522766, 'Y': 0.5643140077590942, 'Z': -0.051144056022167206, 'Visibility': 0.8820510506629944}, {'X': 0.6185795664787292, 'Y': 0.7399797439575195, 'Z': -0.12879382073879242, 'Visibility': 0.11723268032073975}, {'X': 0.2192714512348175, 'Y': 0.5528917908668518, 'Z': -0.05473585054278374, 'Visibility': 0.9186977744102478}, {'X': 0.6178077459335327, 'Y': 0.7121748924255371, 'Z': -0.16756628453731537, 'Visibility': 0.12812946736812592}, {'X': 0.2179010808467865, 'Y': 0.5356100797653198, 'Z': -0.1112850159406662, 'Visibility': 0.9347326755523682}, {'X': 0.6174038052558899, 'Y': 0.70494544506073, 'Z': -0.15101584792137146, 'Visibility': 0.1337192803621292}, {'X': 0.22702953219413757, 'Y': 0.5384340286254883, 'Z': -0.07787138968706131, 'Visibility': 0.9296751618385315}, {'X': 0.5900253653526306, 'Y': 0.7240006923675537, 'Z': -0.07520637661218643, 'Visibility': 0.9855153560638428}, {'X': 0.47482267022132874, 'Y': 0.6870821118354797, 'Z': 0.07469780743122101, 'Visibility': 0.9901691675186157}, {'X': 0.5760555267333984, 'Y': 0.8669331669807434, 'Z': -0.36377468705177307, 'Visibility': 0.708767831325531}, {'X': 0.4430854916572571, 'Y': 0.6193232536315918, 'Z': 0.06350041180849075, 'Visibility': 0.07649259269237518}, {'X': 0.5362388491630554, 'Y': 0.92240971326828, 'Z': -0.7875009179115295, 'Visibility': 0.4499819278717041}, {'X': 0.5056454539299011, 'Y': 0.7579382061958313, 'Z': -0.29632189869880676, 'Visibility': 0.056115418672561646}, {'X': 0.5303626656532288, 'Y': 0.9634634256362915, 'Z': -0.8355408906936646, 'Visibility': 0.7415959239006042}, {'X': 0.5241729021072388, 'Y': 0.8146311640739441, 'Z': -0.33338630199432373, 'Visibility': 0.1948719471693039}, {'X': 0.5059467554092407, 'Y': 0.8431540727615356, 'Z': -0.9784666895866394, 'Visibility': 0.7250359058380127}, {'X': 0.49296918511390686, 'Y': 0.7084873914718628, 'Z': -0.4023505747318268, 'Visibility': 0.20445530116558075}]|archive/barbell_biceps_curl/barbell_biceps_curl_5300011.jpg
[{'X': 0.5381076335906982, 'Y': 0.17620053887367249, 'Z': -0.1363084763288498, 'Visibility': 0.9996877908706665}, {'X': 0.529636800289154, 'Y': 0.15623438358306885, 'Z': -0.1147586777806282, 'Visibility': 0.9993627667427063}, {'X': 0.5272294878959656, 'Y': 0.1556699573993683, 'Z': -0.11502916365861893, 'Visibility': 0.9993484616279602}, {'X': 0.5250263810157776, 'Y': 0.155165433883667, 'Z': -0.115030936896801, 'Visibility': 0.9995379447937012}, {'X': 0.529020369052887, 'Y': 0.15680983662605286, 'Z': -0.16966065764427185, 'Visibility': 0.9996293783187866}, {'X': 0.526267945766449, 'Y': 0.1569536030292511, 'Z': -0.1700567901134491, 'Visibility': 0.9997276663780212}, {'X': 0.5237833857536316, 'Y': 0.15741261839866638, 'Z': -0.17026151716709137, 'Visibility': 0.9997764229774475}, {'X': 0.5050932168960571, 'Y': 0.1673477590084076, 'Z': -0.005575237795710564, 'Visibility': 0.999846339225769}, {'X': 0.5039451718330383, 'Y': 0.16998547315597534, 'Z': -0.2539600431919098, 'Visibility': 0.9998205304145813}, {'X': 0.5336987972259521, 'Y': 0.19811925292015076, 'Z': -0.08684246987104416, 'Visibility': 0.999772846698761}, {'X': 0.5321354866027832, 'Y': 0.19884616136550903, 'Z': -0.16111959517002106, 'Visibility': 0.9998248219490051}, {'X': 0.4907187521457672, 'Y': 0.3245576024055481, 'Z': 0.16541194915771484, 'Visibility': 0.9999071359634399}, {'X': 0.48368704319000244, 'Y': 0.3216186761856079, 'Z': -0.35541144013404846, 'Visibility': 0.9999629259109497}, {'X': 0.4805154502391815, 'Y': 0.5131522417068481, 'Z': 0.24572768807411194, 'Visibility': 0.2744224965572357}, {'X': 0.4739675521850586, 'Y': 0.5189590454101562, 'Z': -0.4105012118816376, 'Visibility': 0.9991414546966553}, {'X': 0.5117305517196655, 'Y': 0.6430344581604004, 'Z': 0.1492501199245453, 'Visibility': 0.15183688700199127}, {'X': 0.5125117301940918, 'Y': 0.655685305595398, 'Z': -0.3638065457344055, 'Visibility': 0.9930633902549744}, {'X': 0.5178586840629578, 'Y': 0.6866970062255859, 'Z': 0.14425261318683624, 'Visibility': 0.19461803138256073}, {'X': 0.5182417631149292, 'Y': 0.7002274990081787, 'Z': -0.422297865152359, 'Visibility': 0.9850856065750122}, {'X': 0.5226353406906128, 'Y': 0.6842566728591919, 'Z': 0.0864628329873085, 'Visibility': 0.21387220919132233}, {'X': 0.5240621566772461, 'Y': 0.6957563757896423, 'Z': -0.4138018488883972, 'Visibility': 0.984152615070343}, {'X': 0.5210868716239929, 'Y': 0.6700241565704346, 'Z': 0.12247516214847565, 'Visibility': 0.226798877120018}, {'X': 0.5224370956420898, 'Y': 0.6812092065811157, 'Z': -0.3610668480396271, 'Visibility': 0.9673774838447571}, {'X': 0.47657546401023865, 'Y': 0.6509902477264404, 'Z': 0.17031879723072052, 'Visibility': 0.9998546838760376}, {'X': 0.4689212739467621, 'Y': 0.6517296433448792, 'Z': -0.17042140662670135, 'Visibility': 0.9999456405639648}, {'X': 0.4869399964809418, 'Y': 0.8979554176330566, 'Z': 0.29325050115585327, 'Visibility': 0.6170111298561096}, {'X': 0.4805981516838074, 'Y': 0.9173938035964966, 'Z': -0.06865973770618439, 'Visibility': 0.992146909236908}, {'X': 0.4578326940536499, 'Y': 1.1139707565307617, 'Z': 0.5287903547286987, 'Visibility': 0.6053505539894104}, {'X': 0.4531908631324768, 'Y': 1.1279995441436768, 'Z': 0.13362590968608856, 'Visibility': 0.9738758206367493}, {'X': 0.4411075711250305, 'Y': 1.148019552230835, 'Z': 0.5465589165687561, 'Visibility': 0.6529068946838379}, {'X': 0.43458956480026245, 'Y': 1.1665006875991821, 'Z': 0.1495700478553772, 'Visibility': 0.8825200200080872}, {'X': 0.5002866387367249, 'Y': 1.1603469848632812, 'Z': 0.4863494634628296, 'Visibility': 0.617519199848175}, {'X': 0.5095331072807312, 'Y': 1.1725609302520752, 'Z': 0.05672011524438858, 'Visibility': 0.912114143371582}]|archive/barbell_biceps_curl/barbell_biceps_curl_4900071.jpg
